entry_day,iv,har_f,naive,rv,pos,status,days_elapsed,rv_to_date,pnl_veto_f2,pnl_always_f2
2026-08-24,43.18,52.168,32.948,37.725,0.0,complete,30,,-0.0,3.455
2026-08-25,43.41,54.135,34.17,37.213,0.0,complete,30,,-0.0,4.197
2026-08-26,43.28,54.908,35.438,36.739,0.0,complete,30,,-0.0,4.541
2026-08-27,40.37,50.774,35.585,36.777,0.0,complete,30,,-0.0,1.593
2026-08-28,41.52,51.214,35.825,36.126,0.0,complete,30,,-0.0,3.394
2026-08-29,38.34,52.337,36.06,35.416,0.0,complete,30,,-0.0,0.924
2026-08-30,37.43,45.781,35.803,36.152,0.0,complete,30,,-0.0,-0.722
2026-08-31,36.99,47.589,35.699,36.228,0.0,complete,30,,-0.0,-1.238
2026-09-01,37.63,49.118,36.296,36.413,0.0,complete,30,,-0.0,-0.783
2026-09-02,37.93,48.482,36.597,36.554,0.0,complete,30,,-0.0,-0.624
2026-09-03,37.19,48.694,36.861,36.756,0.0,complete,30,,-0.0,-1.566
2026-09-04,39.78,51.609,37.507,35.778,0.0,complete,30,,-0.0,2.002
2026-09-05,37.96,52.966,38.211,34.824,0.0,complete,30,,-0.0,1.136
2026-09-06,38.66,45.129,38.089,,0.0,open,29,35.316,,
2026-09-07,39.32,46.178,37.998,,0.0,open,28,35.759,,
2026-09-08,38.79,47.426,38.262,,0.0,open,27,36.073,,
2026-09-09,39.92,46.748,38.53,,0.0,open,26,36.343,,
2026-09-10,40.2,47.378,38.822,,0.0,open,25,36.305,,
2026-09-11,40.24,47.373,39.099,,0.0,open,24,36.428,,
2026-09-12,36.75,51.261,39.921,,0.0,open,23,35.759,,
2026-09-13,36.98,40.845,39.649,,0.0,open,22,36.502,,
2026-09-14,38.89,43.332,39.622,,0.0,open,21,37.151,,
2026-09-15,38.57,47.999,40.286,,0.0,open,20,36.955,,
2026-09-16,39.01,50.602,41.355,,0.0,open,19,35.956,,
2026-09-17,36.19,48.48,41.763,,0.0,open,18,35.632,,
2026-09-18,33.59,47.767,42.007,,0.0,open,17,35.763,,
2026-09-19,35.46,50.146,41.457,,0.0,open,16,35.239,,
2026-09-20,36.32,45.908,40.335,,0.0,open,15,35.864,,
2026-09-21,35.65,45.585,37.427,,0.0,open,14,36.393,,
2026-09-22,38.14,50.124,37.746,,0.0,open,13,34.994,,
2026-09-23,37.4,48.7,37.725,,0.0,open,12,34.669,,
2026-09-24,35.81,48.413,37.213,,0.0,open,11,34.331,,
2026-09-25,36.04,50.046,36.739,,0.0,open,10,33.254,,
2026-09-26,34.62,49.64,36.777,,0.0,open,9,32.533,,
2026-09-27,34.92,42.597,36.126,,0.0,open,8,34.107,,
2026-09-28,35.07,44.121,35.416,,0.0,open,7,35.486,,
2026-09-29,35.93,48.45,36.152,,0.0,open,6,33.983,,
2026-09-30,35.12,46.059,36.228,,0.0,open,5,34.428,,
2026-10-01,35.23,48.285,36.413,,0.0,open,4,31.735,,
2026-10-02,36.44,48.701,36.554,,0.0,open,3,28.562,,
2026-10-03,34.82,50.229,36.756,,0.0,open,2,16.165,,
2026-10-04,35.36,41.652,35.778,,0.0,open,1,19.74,,
2026-10-05,36.5,44.07,34.824,,0.0,open,0,,,
