feature,ic_h6_drop,ic_h6_sd,ic_h18_drop,ic_h18_sd,ap_up18_drop,ap_up18_sd,ap_dn18_drop,ap_dn18_sd,abs_importance,above_noise
lsr_z,0.00295923170722469,0.001053946240644383,0.0017192221759669835,0.0011906191813280801,0.015755816423809705,0.0022678029743948363,0.012437668173960779,0.002703725297108206,0.014096742298885242,True
ma_gap_24h,0.006335538155617789,0.001445236268550029,0.00016987098780600965,0.0023111960143154643,0.0148800310235978,0.0010425329591601878,-0.004511133310520426,0.00618490765020449,0.009695582167059113,True
spread_expansion,0.0003565805651253237,0.00025721584343474363,0.00016489000632738567,0.00025489348113508567,0.009339645139954899,0.0010523835457827006,0.028118191244555595,0.002080016027561496,0.018728918192255247,True
mid_flips_norm,0.0017704348302630245,0.0007979196089523583,0.002121857659203626,0.000563695408921205,0.00915780820880574,0.002058993971908921,0.01947867700797416,0.002932553585090749,0.01431824260838995,True
sweep_sell_rel,0.0012667277841675473,0.000526380525001995,-5.905163213013216e-05,0.000603046938818093,0.006525637749537613,0.001926749289309223,0.01069599535116584,0.0024273857180197728,0.008610816550351726,True
batch_buy_rel,0.0006721756946316375,0.0006019112720531259,0.00043184951869676413,0.0004949482742868818,0.006468458320182679,0.0007695972884955873,0.0019470187298605418,0.0015017236488046887,0.00420773852502161,True
funding_pressure,0.0004891194709741066,0.0007077591181097075,-0.00020910333503392463,0.0005602771115720668,0.006433529639264923,0.0024550022717817334,0.004772727721913308,0.002725144019668906,0.005603128680589115,True
near_funding,0.0006164201006498317,0.001005530126063979,0.00129988674788966,0.0009451478891015527,0.00539629763794109,0.0026430715536721657,0.014789560475753291,0.00475217249989376,0.01009292905684719,True
vol_ratio_1h_24h,-0.0016264289376224043,0.002217660059996685,-0.0021971351054376996,0.002097662817179207,0.005169410166313403,0.0021837045346693854,0.02462787589720304,0.006567618188259001,0.014898643031758222,True
mid_rv_norm,0.0006245667027684823,0.0006537894317463032,-0.00031040412017387803,0.0013228425885337765,0.005094475488263493,0.002145094595965593,0.003960171219385609,0.0018313114665694482,0.004527323353824551,True
buy_tail_ratio,-0.0014163503846208077,0.0008179889749477917,-0.0008250613405686169,0.0009657321817230732,0.0049605958314591185,0.0016526668769299155,0.00604989319266128,0.0033810376096352697,0.005505244512060199,True
range_pos_24h,5.9719265122708254e-05,0.0009425606176468591,0.0036547550483125,0.0012620544382693146,0.004650549494514926,0.0027688295902309223,0.045844574450097736,0.008089670596017283,0.02524756197230633,True
momentum,0.001964602268961292,0.0007618141730446337,0.0026139597577731063,0.0006337714236654697,0.004322332304472983,0.000555974378463075,0.025542622823700758,0.001641941021601949,0.01493247756408687,True
sweep_buy_rel,0.00011796801280581498,0.0003838362776212108,-0.0005493008365820597,0.0005035824762224847,0.0034590258638966392,0.0018399462103238634,0.011001603650702123,0.0033083416327504204,0.007230314757299381,True
sell_accel,0.0006618805244971923,0.00041999432930641415,0.00022634931743175952,0.0004153365452870052,0.0033781637447690173,0.0018590865440421896,0.001230298683319444,0.0012130274280635512,0.0023042312140442306,True
depl_imbal,-0.0016741865349644593,0.0004155437450346822,-0.0007201702401190288,0.0007250036848713572,0.002667523664806496,0.0004907262768578171,-0.0029749976369785845,0.0011390390611904335,0.0028212606508925403,False
oi_change,-2.4089133732328738e-05,0.000495141158453811,-0.0003301048327825082,0.0007261942773017147,0.002455947494109989,0.0006782955458975856,-0.015811828347222275,0.001317015288835676,0.009133887920666132,False
batch_sell_rel,-0.0002133750699981011,0.0007539653745192997,-0.0014540739077051092,0.0009002497880275984,0.0024529816615386085,0.0011470695574466406,0.003269900428754663,0.0032050026649582644,0.0028614410451466357,False
micro_dev_z,0.04672951832265736,0.004441021685164322,0.020537903447026308,0.004638437598764324,0.002414808009657869,0.002413946504756428,-0.0013030963333295308,0.003627546506067818,0.0018589521714937,False
flow_imbal_roll4,-5.195676432446367e-05,0.0004330244075948971,0.0005635511716536139,0.0009247480554626348,0.00179122714246132,0.001773404745690663,-0.0030201942690527873,0.002203006153470229,0.0024057107057570536,False
largest_trade_side,0.00033905500849203303,0.0005648552674563133,0.00019230684191077346,0.0008077753111388503,0.001768963286962983,0.0009955972544748487,0.0012395887869036878,0.0017923958945123297,0.0015042760369333354,False
bid_wall_dist,3.065265756120941e-05,0.0007857607465909577,0.0007978927819462054,0.001213375602435258,0.0016574990960999576,0.0036171181071639035,0.002967957572212559,0.003818554808717357,0.0023127283341562582,False
stochastic,-0.0014445317762621195,0.000801204758491662,0.0006735993784304662,0.0010237971583640013,0.0016145335343432585,0.0004313262648270025,0.002269751762781786,0.0011606599460923595,0.0019421426485625223,False
trade_side_open,0.0011583863504526486,0.0004788089068147783,0.001187326523509862,0.0004831330443446455,0.0015129884970960829,0.00048033677179238867,0.00028740977162899917,0.001157500946106141,0.000900199134362541,False
ofi_z,0.0025366773298812553,0.0005018764540865833,0.00030367518646240606,0.0011067111563998178,0.001508495165600563,0.0019715302691463025,0.0009184210941250333,0.0015914599386226912,0.0012134581298627982,False
flow_agreement,-0.0002063005747455146,0.00029712623729186973,-0.00035046171143600195,0.0003055228840741069,0.001507641528945388,0.0018127463707611198,-0.0007798814570006453,0.0020565898541834,0.0011437614929730167,False
buy_count_accel,0.00029485514895361345,0.0003012872119520787,0.000354164906915525,0.000448137660447744,0.0014725328099678033,0.0006723346676820757,-0.005265129961674615,0.0009221042547965802,0.0033688313858212093,False
late_imbalance,0.0014628635591922134,0.0003204224609352654,0.00014732628071127338,0.0005469076756384393,0.0012079873150190393,0.0005473422060432976,0.0010488653742197138,0.002723095209725605,0.0011284263446193765,False
ret_norm_1h,0.0006713122211776008,0.0015254418481851413,-0.0020802576949068684,0.0013613585018039912,0.0011722517443694958,0.0032013936815952237,-0.005562186625991089,0.0029702026202516143,0.0033672191851802924,False
pull_add_bid,0.013352199309354792,0.0009095461640569591,0.005505520817233379,0.0005789192573398723,0.0011420234950220882,0.001556067200914107,0.004442217929621926,0.0018036363420971867,0.0027921207123220073,False
book_imbalance,0.003942279845681719,0.0006815997720653981,0.002973694711490198,0.0010579305081719057,0.0011346822054968744,0.002238867097758857,0.0029983645800548096,0.0036924626766332604,0.002066523392775842,False
liq_conc_ask,0.0005756414539553577,0.0005681125821722936,0.00018542131276038949,0.0005964909803349623,0.0009593887992894352,0.0006508635297712442,0.0006076097986251784,0.0016756852961316551,0.0007834992989573068,False
dow_cos,-0.00040807661106335297,0.0007272473001500726,-0.0011388091935122828,0.0013231540829806315,0.0008436629399142005,0.001632196051916296,0.0037963112379863252,0.0017342139437834868,0.002319987088950263,False
flow_accel,4.192545387769406e-05,0.0001920998799238633,-0.0003358378533013526,0.00020465616236608444,0.0006832842471608605,0.0005870805034823714,-0.0037278191230353495,0.000611969066249616,0.002205551685098105,False
flow_imbal_roll8,-0.0012192327612310788,0.0012544267327634613,-0.0015245549788649032,0.0007719507095608729,0.0005171687886822533,0.0010067311546445622,0.0063460168299940105,0.0023606710613018095,0.003431592809338132,False
flow_imbalance,0.00024848372120517964,0.00030152537945544685,5.529541816157689e-05,0.00029802602425746486,0.00046466999092906885,0.0019638849213680213,0.000857928227908436,0.0009472193157727396,0.0006612991094187524,False
sample_imbalance,-0.00045223477356866673,0.0007357080238464,0.0006531448011355863,0.0007116764842560537,0.000388562664637708,0.0017408345296596312,2.09269032078567e-05,0.0009692982798115738,0.00020474478392278235,False
trade_side_momentum,6.861260608975392e-05,0.00024090947542173007,7.652204819591762e-05,0.0002974047364885261,0.00031238421625627566,0.0014078945519114638,-0.0008614227052158759,0.0005169369679230787,0.0005869034607360758,False
liq_conc_bid,-6.431430125405577e-05,0.0004138296468410551,6.659056104422849e-05,0.0003193424183359158,0.00027339731839170697,0.0009272926215976427,0.0007804518523708628,0.001130407455085615,0.0005269245853812849,False
vwap_spread,-0.0001477708281634911,0.00023474132325484407,-0.0009256261636579983,0.0004236203959294729,0.0002411293306127764,0.0005019626499816605,0.00033270429047882466,0.001289027234682225,0.0002869168105458005,False
liq_imbal,0.0,0.0,0.0,0.0,0.0,0.0,0.0,0.0,0.0,False
liq_notional_max_log,0.0,0.0,0.0,0.0,0.0,0.0,0.0,0.0,0.0,False
liq_cnt_log,0.0,0.0,0.0,0.0,0.0,0.0,0.0,0.0,0.0,False
liq_flag,0.0,0.0,0.0,0.0,0.0,0.0,0.0,0.0,0.0,False
liq_notional_log,0.0,0.0,0.0,0.0,0.0,0.0,0.0,0.0,0.0,False
hour_sin,-0.0013676999559131854,0.0013413212450384307,-0.00178655539362886,0.0012560222545700537,-0.0006253077866072536,0.0016255861509832758,0.008099786623652235,0.005918124310710708,0.004362547205129744,False
msg_rate_norm,7.517373556269885e-05,0.00012827170670232985,9.080452334210912e-05,6.928425796443994e-05,-0.0006856438565841401,0.0008678680062713201,0.0007165081821224328,0.0002547327255456862,0.0007010760193532865,False
flow_net_near_z,0.003459705270612975,0.0013869128210091133,-0.00044650492609830256,0.001044332729582854,-0.0007027641288789056,0.0012090184152615455,0.0013526663171490108,0.0008112751626180733,0.0010277152230139582,False
size_imbalance,-8.314361524347849e-05,0.00039330474744461296,-0.0006001867337695876,0.0005456210860397269,-0.0008906347727658456,0.0013599924442537843,-0.0006645551975852926,0.0014843461559420734,0.0007775949851755691,False
basis_mom_1h,0.0006770614880422104,0.0006102916107878876,-0.001552305221451113,0.0014363086030495765,-0.001039948779223674,0.0024235176110827773,0.002244706256248702,0.0036816187550035057,0.001642327517736188,False
trade_side_close,-5.3018157780006236e-05,0.00028461443823116743,-0.00015454946486634976,0.00030126051862676157,-0.001087846478969201,0.0014187753145680838,-0.000527322940253077,0.0013903125885838313,0.000807584709611139,False
depl_total_norm,0.00017028412488083108,0.0013110829573936304,-0.000977059466005326,0.0017294356225015706,-0.001095211451730544,0.0030016350487158867,0.0016348758391443452,0.001999215351281291,0.0013650436454374446,False
ret_norm_4h,-0.00012202009079657038,0.001358911344718875,0.0006126830381275499,0.0014333325166061741,-0.0011238662436315952,0.001422941225146407,-0.023521415151180072,0.005520596189741226,0.012322640697405834,False
eth_ret_z,0.005268171221590418,0.0013426948964741748,-0.00085261184293451,0.001895979216039253,-0.0015514098411358347,0.0017507654573789277,0.008336718420083034,0.002060139065392437,0.0049440641306094345,False
eth_lead_gap,0.003683778600727496,0.0014658482609090503,0.0017948538635975224,0.0009637600421185007,-0.001564664038906649,0.0021525210280437723,-0.0033590402737773938,0.002238202930837636,0.0024618521563420214,False
book_imbal_roll4,0.0005827666597570339,0.0005718478107829283,-0.0008353351058201621,0.0008256830158084126,-0.0022861462361968496,0.001588283665204024,-0.0013910421128544848,0.0018444288196209132,0.0018385941745256672,False
pull_add_ask,0.008736737698861338,0.0012944980222750222,0.0031492287850404897,0.0011659724493410328,-0.0025558428556775696,0.0012903573964184241,-0.0018804202085046032,0.0012957350709241228,0.0022181315320910864,False
book_imbal_deep,0.001865101441970718,0.0007997232264240279,0.0009011438850143414,0.0013488314254403303,-0.0026242701689119137,0.0025498247393619822,-0.0004888817020911734,0.0020415827781591974,0.0015565759355015436,False
minute_cos,-0.0010848083206188713,0.001006411192276404,-0.0010910881433268708,0.0009484567865136867,-0.0028488322549695723,0.0009876343300814006,0.010810446892481146,0.0025137776334974147,0.006829639573725359,False
cancel_imbal_near,0.0019393608476940567,0.0005276133166985943,0.0005196456657982611,0.0008803775654746648,-0.0030113546634783807,0.0020376772069283715,0.005633605576794674,0.0022735701146431517,0.0043224801201365275,False
buy_accel,-0.00023262411203203368,0.0004538050101033014,-0.000540932106648814,0.0002765721938941324,-0.003025533532396568,0.0007636998938356436,-0.00452383308791612,0.001237167698539453,0.003774683310156344,False
flow_net_widex_z,0.00020462044426848916,0.00031347138418078794,0.0002026634747618111,0.0002854106796205327,-0.0036465636325388913,0.0002586559504389245,-0.0013389850855403257,0.0005232371307726016,0.0024927743590396085,False
hour_cos,-0.0006252139281870094,0.0008772816503804397,0.0011229035185505443,0.001103656743946017,-0.003942266764873241,0.002009709783207224,-0.002614049511211934,0.004018381270037601,0.0032781581380425875,False
wall_qty_norm,-7.952268504145266e-05,0.0006796330869063292,0.0007102590304932099,0.0005672269052009884,-0.004350651698306264,0.0010709493985267256,-0.0022940728246881245,0.001799848965562414,0.0033223622614971943,False
book_imbal_roll8,-0.0016076977806114105,0.0007704626593745787,-0.0015732931269973926,0.001034066937444121,-0.004605186378420428,0.002524596295824741,-0.0006116777953477127,0.0032500262286927688,0.00260843208688407,False
ask_wall_dist,0.0008565459180757441,0.0011425802757350876,0.0002120892692305254,0.0010764288610970983,-0.0046548596700780355,0.004570521139059488,0.0033823493304211104,0.0013965773889626533,0.004018604500249573,False
largest_trade_rel,8.292534610418803e-05,0.0008070380037206472,-0.0005142908598993971,0.0008507377865932667,-0.005151235767455648,0.0019727927863452534,0.00369017304524211,0.0020347177094781435,0.004420704406348879,False
wall_imbal,-0.0020617572375630465,0.0010170872123547567,-6.244198022538165e-05,0.001419371729357439,-0.007370124348949399,0.0023107661652099214,-0.0010308570013177441,0.0030503538768585324,0.004200490675133572,False
sell_tail_ratio,0.00045073973674468124,0.0009145569478355287,0.00021054423491593394,0.0005951465392777098,-0.007460702949736345,0.001422861428577197,0.00657179768230437,0.0023507645735532973,0.007016250316020357,False
ma_gap_1h,-0.0008929168818512072,0.00110614971296672,0.0003239895399179604,0.001137925244867613,-0.00747705703277432,0.0007007062916628418,0.01881394754658484,0.0022014656317900635,0.01314550228967958,False
basis_z_4h,-0.0005547205421179494,0.0005903116953028686,0.0005054961440917639,0.0007819030802873598,-0.007614017336580105,0.00306676773459214,0.004062086937078123,0.002575806574847626,0.005838052136829114,False
dow_sin,0.0002759266083854836,0.0011637428374566855,0.00044113733848726803,0.0008139129881459491,-0.007660952181482765,0.0017743007235920005,0.0013903897667268336,0.002469638928589826,0.004525670974104799,False
ret_norm_24h,-0.0013852643875640475,0.0015085843288251497,-0.0006507032864658232,0.0011985561190248023,-0.010236748033578592,0.010458542779045373,-0.0068640655728094,0.00600865984733865,0.008550406803193996,False
ma_gap_4h,0.0002518286967106709,0.0005152579371372636,0.0008307395241735661,0.000867359330771851,-0.012137395601904244,0.0020616710716769688,-0.004497273976516659,0.0044009556901856255,0.008317334789210451,False
vol_norm,0.001087789819820991,0.0006727493989096504,-0.001212702384375275,0.001340142574993519,-0.01567363367544197,0.0036983806359260282,-0.021463083184969613,0.001961383712181234,0.01856835843020579,False
minute_sin,-0.0026570184419884672,0.0010907867163761468,-0.0009244519135965749,0.0021421671801910287,-0.01583471006752999,0.0042374787149486075,0.013207690233414279,0.0018272843076299191,0.014521200150472134,False
